NAME,LAST_NAME,EMAIL,LOGIN
Альберт,Сидоров,sidorov@demositebitrix.ru,sidorov@demositebitrix.ru
Зиновий,Козлов,kozlov@demositebitrix.ru,kozlov@demositebitrix.ru
Игорь,Никитин,nikitin@demositebitrix.ru,nikitin@demositebitrix.ru
Севастьян,Афанасьев,afanasev@demositebitrix.ru,afanasev@demositebitrix.ru
Виталий,Некрасов,nekrasov@demositebitrix.ru,nekrasov@demositebitrix.ru
Глеб,Ефимов,efimov@demositebitrix.ru,efimov@demositebitrix.ru
Михаил,Владимиров,vladimirov@demositebitrix.ru,vladimirov@demositebitrix.ru
Федот,Михеев,miheev@demositebitrix.ru,miheev@demositebitrix.ru
Георгий,Баранов,baranov@demositebitrix.ru,baranov@demositebitrix.ru
Лукьян,Игнатьев,ignatev@demositebitrix.ru,ignatev@demositebitrix.ru
Тит,Комиссаров,komissarov@demositebitrix.ru,komissarov@demositebitrix.ru
Тарас,Виноградов,vinogradov@demositebitrix.ru,vinogradov@demositebitrix.ru
Харитон,Волков,volkov@demositebitrix.ru,volkov@demositebitrix.ru
Влас,Котов,kotov@demositebitrix.ru,kotov@demositebitrix.ru
Василий,Михайлов,mihaylov@demositebitrix.ru,mihaylov@demositebitrix.ru
Сергей,Кошелев,koshelev@demositebitrix.ru,koshelev@demositebitrix.ru
Софрон,Соловьёв,solovev@demositebitrix.ru,solovev@demositebitrix.ru
Кузьма,Агафонов,agafonov@demositebitrix.ru,agafonov@demositebitrix.ru
Валерий,Беспалов,bespalov@demositebitrix.ru,bespalov@demositebitrix.ru
Исидор,Суханов,suhanov@demositebitrix.ru,suhanov@demositebitrix.ru
Родион,Ковалёв,kovalev@demositebitrix.ru,kovalev@demositebitrix.ru
Святополк,Кудрявцев,kudryavcev@demositebitrix.ru,kudryavcev@demositebitrix.ru
Венедикт,Владимиров,vladimirov@demositebitrix.ru,vladimirov@demositebitrix.ru
Максим,Воробьёв,vorobev@demositebitrix.ru,vorobev@demositebitrix.ru
Харитон,Борисов,borisov@demositebitrix.ru,borisov@demositebitrix.ru
Геннадий,Туров,turov@demositebitrix.ru,turov@demositebitrix.ru
Демьян,Филиппов,filippov@demositebitrix.ru,filippov@demositebitrix.ru
Николай,Игнатьев,ignatev@demositebitrix.ru,ignatev@demositebitrix.ru
Христофор,Зимин,zimin@demositebitrix.ru,zimin@demositebitrix.ru
Куприян,Суворов,suvorov@demositebitrix.ru,suvorov@demositebitrix.ru
Виталий,Юдин,yudin@demositebitrix.ru,yudin@demositebitrix.ru
Созон,Андреев,andreev@demositebitrix.ru,andreev@demositebitrix.ru
Антонин,Быков,bykov@demositebitrix.ru,bykov@demositebitrix.ru
Анатолий,Кабанов,kabanov@demositebitrix.ru,kabanov@demositebitrix.ru
Ефим,Дорофеев,dorofeev@demositebitrix.ru,dorofeev@demositebitrix.ru
Павел,Петухов,petuhov@demositebitrix.ru,petuhov@demositebitrix.ru
Емельян,Колесников,kolesnikov@demositebitrix.ru,kolesnikov@demositebitrix.ru
Ириней,Гришин,grishin@demositebitrix.ru,grishin@demositebitrix.ru
Разумник,Баранов,baranov@demositebitrix.ru,baranov@demositebitrix.ru
Климент,Лаврентьев,lavrentev@demositebitrix.ru,lavrentev@demositebitrix.ru
Владислав,Лаврентьев,lavrentev@demositebitrix.ru,lavrentev@demositebitrix.ru
Гавриил,Поляков,polyakov@demositebitrix.ru,polyakov@demositebitrix.ru
Галактион,Моисеев,moiseev@demositebitrix.ru,moiseev@demositebitrix.ru
Мартын,Васильев,vasiliev@demositebitrix.ru,vasiliev@demositebitrix.ru
Мелентий,Самойлов,samoylov@demositebitrix.ru,samoylov@demositebitrix.ru
Фрол,Кулаков,kulakov@demositebitrix.ru,kulakov@demositebitrix.ru
Денис,Симонов,simonov@demositebitrix.ru,simonov@demositebitrix.ru
Мартын,Галкин,galkin@demositebitrix.ru,galkin@demositebitrix.ru
Никифор,Панов,panov@demositebitrix.ru,panov@demositebitrix.ru
Логгин,Евдокимов,evdokimov@demositebitrix.ru,evdokimov@demositebitrix.ru
